Workbook

Sheet Chi phí cố định
A1: DANH MỤC | D1: DANH MỤC | G1: PHÍ - THUẾ | H1: =SUM(H2:H5) -> 557980 | K1: DOANH THU | L1: NHẬP HÀNG | M1: CP CỐ ĐỊNH | N1: TIỀN NƯỚC | O1: TIỀN ĐIỆN | P1: LƯƠNG GĐ | Q1: BAITO | R1: BÃI XE | S1: TIỀN NHÀ | T1: LỢI NHUẬN
A2: TIỀN NHÀ 1 | B2: 132000 | D2: TIỀN NHÀ 2 | E2: 192000 | G2: PHÍ HỒ SƠ | H2: =187550+187550 -> 375100 | J2: 2025/04 | K2: ='[1]2025_4'!$C$1 -> 5234916 | L2: ='2026_04'!A1 -> 7358595 | M2: =$B$9 -> 641000 | N2: 3000 | O2: =26683+21714 -> 48397 | P2: 250000 | Q2: 150000 | R2: 26000 | S2: =B2 -> 132000 | T2: =K2-L2-N2-O2-P2-Q2-R2-S2 -> -2733076
A3: TIỀN BÃI XE | B3: 26000 | D3: TIỀN BÃI XE | E3: 26000 | G3: THUẾ | H3: 10380 | J3: 2025/05 | K3: ='[1]2025_5'!$C$1 -> 4908482 | L3: ='2026_05'!A1 -> 4149986 | M3: =$B$9 -> 641000 | N3: 3000 | O3: =29311+38673 -> 67984 | P3: 250000 | Q3: 150000 | R3: 26000 | S3: =$B$2 -> 132000 | T3: =K3-L3-N3-O3-P3-Q3-R3-S3 -> 129512
A4: TIỀN ĐIỆN | B4: 80000 | D4: TIỀN ĐIỆN | E4: 80000 | G4: THUẾ | H4: 81700 | J4: 2025/06 | K4: ='[1]2025_6'!$C$1 -> 4865430 | L4: ='2026_06'!A1 -> 4113296 | M4: =$B$9 -> 641000 | N4: 3000 | O4: =36798+47376 -> 84174 | P4: 250000 | Q4: 150000 | R4: 26000 | S4: =$B$2 -> 132000 | T4: =K4-L4-N4-O4-P4-Q4-R4-S4 -> 106960
A5: TIỀN NƯỚC | B5: 3000 | D5: TIỀN NƯỚC | E5: 3000 | G5: THUẾ XE | H5: =45400+45400 -> 90800 | J5: 2025/07 | K5: ='[1]2025_7'!$C$1 -> 4641830 | L5: ='2026_07'!A1 -> 3897019 | M5: =$B$9 -> 641000 | N5: 3000 | O5: =45503+45857 -> 91360 | P5: 250000 | Q5: 150000 | R5: 26000 | S5: =$B$2 -> 132000 | T5: =K5-L5-N5-O5-P5-Q5-R5-S5 -> 92451
A6: LƯƠNG GĐ | B6: 250000 | D6: LƯƠNG GĐ | E6: 250000 | J6: 2025/08 | K6: ='[1]2025_8'!$C$1 -> 5124360 | L6: ='2026_08'!A1 -> 4302580 | M6: =$E$9 -> 701000 | N6: 3000 | O6: =76936+60876 -> 137812 | P6: 250000 | Q6: 150000 | R6: 26000 | S6: =$E$2 -> 192000 | T6: =K6-L6-N6-O6-P6-Q6-R6-S6 -> 62968
A7: LƯƠNG BAITO | B7: 150000 | D7: LƯƠNG BAITO | E7: 150000 | J7: 2025/09 | K7: ='[1]2025_9'!$C$1 -> 4866048 | L7: ='2026_09'!A1 -> 4038989 | M7: =$E$9 -> 701000 | N7: 3000 | O7: =79626+58727 -> 138353 | P7: 250000 | Q7: 150000 | R7: 26000 | S7: =$E$2 -> 192000 | T7: =K7-L7-N7-O7-P7-Q7-R7-S7 -> 67706
J8: 2025/10 | K8: ='[1]2025_10'!$C$1 -> 4779848 | L8: ='2026_10'!A1 -> 3939091 | M8: =$E$9 -> 701000 | N8: 3000 | O8: =71744+52705 -> 124449 | P8: 250000 | Q8: 150000 | R8: 26000 | S8: =$E$2 -> 192000 | T8: =K8-L8-N8-O8-P8-Q8-R8-S8 -> 95308
A9: TỔNG | B9: =SUM(B2:B8) -> 641000 | D9: TỔNG | E9: =SUM(E2:E8) -> 701000 | J9: 2025/11 | K9: ='[1]2025_11'!$C$1 -> 4729936 | L9: ='2026_11'!A1 -> 3937229 | M9: =$E$9 -> 701000 | N9: 3000 | O9: =55477+64259 -> 119736 | P9: 250000 | Q9: 150000 | R9: 26000 | S9: =$E$2 -> 192000 | T9: =K9-L9-N9-O9-P9-Q9-R9-S9 -> 51971
J10: 2025/12 | K10: ='[1]2025_12'!$C$1 -> 5730195 | L10: ='2026_12'!A1 -> 4969997 | M10: =$E$9 -> 701000 | N10: 3000 | O10: =46075+38086 -> 84161 | P10: 250000 | Q10: 150000 | R10: 26000 | S10: =$E$2 -> 192000 | T10: =K10-L10-N10-O10-P10-Q10-R10-S10 -> 55037
J11: 2026/01 | K11: ='[1]2026_1'!$C$1 -> 4969964.1 | L11: ='2027_01'!A1 -> 4185148 | M11: =$E$9 -> 701000 | N11: 3000 | O11: =33807+31282 -> 65089 | P11: 250000 | Q11: 150000 | R11: 26000 | S11: =$E$2 -> 192000 | T11: =K11-L11-N11-O11-P11-Q11-R11-S11 -> 98727.082
J12: 2026/02 | K12: 5236032 | L12: ='2027_02'!A1 -> 4409564 | M12: =$E$9 -> 701000 | N12: 3000 | O12: =33807+31282 -> 65089 | P12: 250000 | Q12: 150000 | R12: 26000 | S12: =$E$2 -> 192000 | T12: =K12-L12-N12-O12-P12-Q12-R12-S12 -> 140379
J13: 2026/03 | K13: 5486152 | L13: ='2027_03'!A1 -> 4668273 | M13: =$E$9 -> 701000 | N13: 3000 | O13: =42474+37537 -> 80011 | P13: 250000 | Q13: 150000 | R13: 26000 | S13: =$E$2 -> 192000 | T13: =K13-L13-N13-O13-P13-Q13-R13-S13 -> 116868
I14: TỔNG | K14: =SUM(K2:K13) -> 60573193 | L14: =SUM(L2:L13) -> 53969767 | M14: =SUM(M2:M13) -> 8172000 | N14: =SUM(N2:N13) -> 36000 | O14: =SUM(O2:O13) -> 1106615 | P14: =SUM(P2:P13) -> 3000000 | Q14: =SUM(Q2:Q13) -> 1800000 | R14: =SUM(R2:R13) -> 312000 | ... T14: =SUM(T2:T13) -> -1715188.9

Sheet MẪU
B1: 45748 | C1: 45749 | D1: 45750 | E1: 45751 | F1: 45752 | G1: 45753 | H1: 45754 | I1: 45755 | J1: 45756 | K1: 45757 | L1: 45758 | M1: 45759 | N1: 45760 | O1: 45761 | P1: 45762 | Q1: 45763 | R1: 45764 | S1: 45765 | T1: 45766 | U1: 45767 | V1: 45768 | W1: 45769 | X1: 45770 | Y1: 45771 | Z1: 45772 | AA1: 45773 | AB1: 45774 | AC1: 45775 | AD1: 45776 | AE1: 45777
A2: TỔNG HĐ | B2: =SUM(B3:B14) -> 0 | C2: =SUM(C3:C14) -> 0 | D2: =SUM(D3:D14) -> 0 | E2: =SUM(E3:E14) -> 0 | F2: =SUM(F3:F14) -> 0 | G2: =SUM(G3:G14) -> 0 | H2: =SUM(H3:H14) -> 0 | I2: =SUM(I3:I14) -> 0 | ... AE2: =SUM(AE3:AE14) -> 0
A3: HÓA ĐƠN 1
A4: HÓA ĐƠN 2

Sheet 2026_04
A1: =SUM(B2:AF2) -> 7358595 | B1: 45748 | C1: 45749 | D1: 45750 | E1: 45751 | F1: 45752 | G1: 45753 | H1: 45754 | I1: 45755 | J1: 45756 | K1: 45757 | L1: 45758 | M1: 45759 | N1: 45760 | O1: 45761 | P1: 45762 | Q1: 45763 | R1: 45764 | S1: 45765 | T1: 45766 | U1: 45767 | V1: 45768 | W1: 45769 | X1: 45770 | Y1: 45771 | Z1: 45772 | AA1: 45773 | AB1: 45774 | AC1: 45775 | AD1: 45776 | AE1: 45777
A2: TỔNG HĐ | B2: =SUM(B3:B14) -> 31122 | C2: =SUM(C3:C14) -> 12330 | D2: =SUM(D3:D14) -> 383691 | E2: =SUM(E3:E14) -> 70460 | F2: =SUM(F3:F14) -> 95500 | G2: =SUM(G3:G14) -> 685072 | H2: =SUM(H3:H14) -> 232812 | I2: =SUM(I3:I14) -> 910063 | ... AF2: =SUM(AF3:AF14) -> 0
A3: HÓA ĐƠN 1 | B3: 31122 | C3: 12330 | D3: 163851 | E3: 5500 | F3: 78300 | G3: 399550 | H3: 104512 | I3: 270550 | J3: 399702 | K3: 180880 | L3: 12330 | M3: 339965 | N3: 77910 | O3: 393008 | P3: 229597 | Q3: 32960 | R3: 104340 | S3: 96780 | T3: 64516 | U3: 772184 | V3: 34080 | W3: 55150 | Y3: 122940 | Z3: 46060 | AA3: 55830 | AB3: 34200
A4: HÓA ĐƠN 2 | D4: 93900 | E4: 64960 | F4: 17200 | G4: 36440 | H4: 128300 | I4: 605313 | K4: 20560 | L4: 77900 | M4: 244395 | N4: 290350 | O4: 273006 | R4: 37661 | S4: 61890 | T4: 12330 | W4: 121850 | Y4: 84380 | Z4: 71700 | AA4: 41780 | AB4: 18400
D5: 125940 | G5: 155518 | I5: 34200 | K5: 87557 | M5: 239564 | O5: 56560 | Y5: 98500
G6: 47418 | O6: 46730
G7: 46146

Sheet 2026_05
A1: =SUM(B2:AF2) -> 4149986 | B1: 45778 | C1: 45779 | D1: 45780 | E1: 45781 | F1: 45782 | G1: 45783 | H1: 45784 | I1: 45785 | J1: 45786 | K1: 45787 | L1: 45788 | M1: 45789 | N1: 45790 | O1: 45791 | P1: 45792 | Q1: 45793 | R1: 45794 | S1: 45795 | T1: 45796 | U1: 45797 | V1: 45798 | W1: 45799 | X1: 45800 | Y1: 45801 | Z1: 45802 | AA1: 45803 | AB1: 45804 | AC1: 45805 | AD1: 45806 | AE1: 45807 | AF1: 45808
A2: TỔNG HĐ | B2: =SUM(B3:B14) -> 118588 | C2: =SUM(C3:C14) -> 210520 | D2: =SUM(D3:D14) -> 151110 | E2: =SUM(E3:E14) -> 182431 | F2: =SUM(F3:F14) -> 204332 | G2: =SUM(G3:G14) -> 0 | H2: =SUM(H3:H14) -> 457485 | I2: =SUM(I3:I14) -> 44180 | ... AF2: =SUM(AF3:AF14) -> 140481
A3: HÓA ĐƠN 1 | B3: 9000 | C3: 42000 | D3: 92460 | E3: 50230 | F3: 204332 | G3: 0 | H3: 319525 | I3: 20880 | J3: 27660 | K3: 3739 | L3: 203432 | M3: 39252 | N3: 48980 | O3: 60300 | P3: 6000 | Q3: 31640 | R3: 41292 | S3: 200220 | T3: 28840 | U3: 83515 | V3: 13830 | W3: 71824 | X3: 29700 | Y3: 29398 | Z3: 194820 | AA3: 0 | AB3: 64339 | AC3: 53240 | AD3: 23830 | AE3: 16478 | AF3: 104041
A4: HÓA ĐƠN 2 | B4: 12158 | C4: 34080 | D4: 32710 | E4: 106439 | H4: 137960 | I4: 23300 | J4: 108260 | K4: 111170 | O4: 35600 | P4: 13638 | Q4: 37620 | R4: 50980 | T4: 91115 | U4: 27411 | V4: 34200 | W4: 9000 | X4: 48200 | Y4: 48980 | AC4: 32900 | AD4: 69840 | AE4: 118820 | AF4: 36440
B5: 48200 | C5: 73900 | D5: 20440 | E5: 25762 | K5: 36660 | P5: 72660 | Q5: 13830 | R5: 96780 | W5: 4646 | Y5: 56100 | AC5: 45400 | AD5: 35480 | AE5: 120260
B6: 49230 | C6: 60540 | D6: 5500 | AC6: 48980

Sheet 2026_06
A1: =SUM(B2:AF2) -> 4113296 | B1: 45809 | C1: 45810 | D1: 45811 | E1: 45812 | F1: 45813 | G1: 45814 | H1: 45815 | I1: 45816 | J1: 45817 | K1: 45818 | L1: 45819 | M1: 45820 | N1: 45821 | O1: 45822 | P1: 45823 | Q1: 45824 | R1: 45825 | S1: 45826 | T1: 45827 | U1: 45828 | V1: 45829 | W1: 45830 | X1: 45831 | Y1: 45832 | Z1: 45833 | AA1: 45834 | AB1: 45835 | AC1: 45836 | AD1: 45837 | AE1: 45838
A2: TỔNG HĐ | B2: =SUM(B3:B14) -> 226160 | C2: =SUM(C3:C14) -> 52500 | D2: =SUM(D3:D14) -> 126580 | E2: =SUM(E3:E14) -> 71609 | F2: =SUM(F3:F14) -> 120910 | G2: =SUM(G3:G14) -> 170764 | H2: =SUM(H3:H14) -> 90040 | I2: =SUM(I3:I14) -> 541114 | ... AF2: =SUM(AF3:AF14) -> 0
A3: HÓA ĐƠN 1 | B3: 208080 | C3: 52500 | D3: 95740 | E3: 36368 | F3: 4636 | G3: 48560 | H3: 40560 | I3: 5500 | J3: 41970 | K3: 0 | L3: 83264 | M3: 8314 | N3: 123140 | O3: 70878 | P3: 5624 | Q3: 25980 | R3: 93055 | S3: 28400 | T3: 22900 | U3: 0 | V3: 84767 | W3: 198240 | X3: 7777 | Y3: 0 | Z3: 87204 | AA3: 32400 | AB3: 38200 | AC3: 26100 | AD3: 54528 | AE3: 11198
A4: HÓA ĐƠN 2 | B4: 18080 | D4: 30840 | E4: 35241 | F4: 66374 | G4: 41504 | H4: 49480 | I4: 337742 | J4: 32180 | M4: 39300 | O4: 52500 | P4: 200356 | R4: 13830 | S4: 55780 | T4: 8568 | V4: 30800 | X4: 49230 | Z4: 53168 | AA4: 103800 | AB4: 111100 | AC4: 69060 | AD4: 19160 | AE4: 196288
F5: 49900 | G5: 80700 | I5: 197872 | J5: 32900 | M5: 13600 | O5: 50730 | S5: 29240 | T5: 3850 | X5: 96780 | AC5: 35660 | AE5: 49730
O6: 96780 | AC6: 108620 | AE6: 13830
AE7: 25640
AE8: 77200

Sheet 2026_07
A1: =SUM(B2:AF2) -> 3897019 | B1: 45839 | C1: 45840 | D1: 45841 | E1: 45842 | F1: 45843 | G1: 45844 | H1: 45845 | I1: 45846 | J1: 45847 | K1: 45848 | L1: 45849 | M1: 45850 | N1: 45851 | O1: 45852 | P1: 45853 | Q1: 45854 | R1: 45855 | S1: 45856 | T1: 45857 | U1: 45858 | V1: 45859 | W1: 45860 | X1: 45861 | Y1: 45862 | Z1: 45863 | AA1: 45864 | AB1: 45865 | AC1: 45866 | AD1: 45867 | AE1: 45868 | AF1: 45869
A2: TỔNG HĐ | B2: =SUM(B3:B14) -> 50910 | C2: =SUM(C3:C14) -> 128170 | D2: =SUM(D3:D14) -> 121421 | E2: =SUM(E3:E14) -> 78388 | F2: =SUM(F3:F14) -> 147022 | G2: =SUM(G3:G14) -> 546212 | H2: =SUM(H3:H14) -> 100780 | I2: =SUM(I3:I14) -> 258970 | ... AF2: =SUM(AF3:AF14) -> 134837
A3: HÓA ĐƠN 1 | B3: 50910 | C3: 19830 | D3: 58112 | E3: 10348 | F3: 96780 | G3: 212112 | H3: 64540 | I3: 49730 | J3: 7232 | K3: 55300 | L3: 52500 | M3: 22900 | N3: 79716 | O3: 7777 | P3: 109081 | Q3: 17052 | R3: 205022 | S3: 22040 | T3: 61524 | U3: 16960 | V3: 0 | W3: 46884 | X3: 42800 | Y3: 0 | Z3: 26860 | AA3: 0 | AB3: 248826 | AC3: 80940 | AD3: 70683 | AE3: 59200 | AF3: 48332
A4: HÓA ĐƠN 2 | C4: 35440 | D4: 54400 | E4: 30660 | F4: 50242 | G4: 250550 | H4: 9900 | I4: 19620 | J4: 100660 | K4: 25600 | L4: 34000 | M4: 39040 | N4: 202890 | O4: 17770 | Q4: 36440 | S4: 51140 | T4: 19540 | U4: 62060 | AB4: 13830 | AC4: 37620 | AE4: 55380 | AF4: 11800
C5: 72900 | D5: 8909 | E5: 37380 | G5: 83550 | H5: 26340 | I5: 189620 | J5: 26320 | K5: 55224 | O5: 26900 | Q5: 31180 | T5: 54901 | AE5: 32900 | AF5: 69705
J6: 35550 | K6: 29290 | Q6: 15500 | AE6: 24280 | AF6: 5000
K7: 28097
K8: 40900

Sheet 2026_08
A1: =SUM(B2:AF2) -> 4302580 | B1: 45870 | C1: 45871 | D1: 45872 | E1: 45873 | F1: 45874 | G1: 45875 | H1: 45876 | I1: 45877 | J1: 45878 | K1: 45879 | L1: 45880 | M1: 45881 | N1: 45882 | O1: 45883 | P1: 45884 | Q1: 45885 | R1: 45886 | S1: 45887 | T1: 45888 | U1: 45889 | V1: 45890 | W1: 45891 | X1: 45892 | Y1: 45893 | Z1: 45894 | AA1: 45895 | AB1: 45896 | AC1: 45897 | AD1: 45898 | AE1: 45899 | AF1: 45900
A2: TỔNG HĐ | B2: =SUM(B3:B14) -> 142640 | C2: =SUM(C3:C14) -> 61510 | D2: =SUM(D3:D14) -> 196020 | E2: =SUM(E3:E14) -> 234520 | F2: =SUM(F3:F14) -> 78903 | G2: =SUM(G3:G14) -> 69060 | H2: =SUM(H3:H14) -> 152414 | I2: =SUM(I3:I14) -> 49950 | ... AF2: =SUM(AF3:AF14) -> 279524
A3: HÓA ĐƠN 1 | B3: 29240 | C3: 48230 | D3: 11050 | E3: 234520 | F3: 78903 | G3: 69060 | H3: 132494 | I3: 49950 | J3: 19882 | K3: 200000 | L3: 332435 | M3: 11130 | N3: 106520 | O3: 14230 | P3: 30330 | Q3: 133560 | R3: 30800 | S3: 0 | T3: 231444 | U3: 0 | V3: 21900 | W3: 21900 | X3: 39660 | Y3: 22040 | Z3: 3275 | AA3: 13830 | AB3: 0 | AC3: 171100 | AD3: 76900 | AE3: 152660 | AF3: 279524
A4: HÓA ĐƠN 2 | B4: 72900 | C4: 13280 | D4: 171140 | H4: 19920 | J4: 36650 | L4: 254862 | M4: 39540 | N4: 28440 | P4: 30800 | Q4: 15010 | V4: 12441 | X4: 48480 | Y4: 47790 | Z4: 53160 | AC4: 48240 | AD4: 24640 | AE4: 48980
B5: 40500 | D5: 13830 | J5: 64400 | M5: 27800 | N5: 20460 | Q5: 51730 | X5: 36970 | Y5: 74210 | Z5: 33330 | AC5: 15010 | AD5: 56330
J6: 11800 | M6: 49730 | N6: 61620 | X6: 19640 | AD6: 39060
J7: 49230
J8: 104090

Sheet 2026_09
A1: =SUM(B2:AF2) -> 4038989 | B1: 45901 | C1: 45902 | D1: 45903 | E1: 45904 | F1: 45905 | G1: 45906 | H1: 45907 | I1: 45908 | J1: 45909 | K1: 45910 | L1: 45911 | M1: 45912 | N1: 45913 | O1: 45914 | P1: 45915 | Q1: 45916 | R1: 45917 | S1: 45918 | T1: 45919 | U1: 45920 | V1: 45921 | W1: 45922 | X1: 45923 | Y1: 45924 | Z1: 45925 | AA1: 45926 | AB1: 45927 | AC1: 45928 | AD1: 45929 | AE1: 45930
A2: TỔNG HĐ | B2: =SUM(B3:B14) -> 67446 | C2: =SUM(C3:C14) -> 82510 | D2: =SUM(D3:D14) -> 78880 | E2: =SUM(E3:E14) -> 133400 | F2: =SUM(F3:F14) -> 298560 | G2: =SUM(G3:G14) -> 121972 | H2: =SUM(H3:H14) -> 25640 | I2: =SUM(I3:I14) -> 366052 | ... AF2: =SUM(AF3:AF14) -> 0
A3: HÓA ĐƠN 1 | B3: 17240 | C3: 82510 | D3: 40040 | E3: 7000 | F3: 49980 | G3: 85860 | H3: 25640 | I3: 39050 | J3: 10524 | K3: 42776 | L3: 50480 | M3: 0 | N3: 57270 | O3: 48980 | P3: 41700 | Q3: 13830 | R3: 134180 | S3: 284566 | T3: 66324 | U3: 19640 | V3: 0 | W3: 32900 | X3: 66760 | Y3: 70256 | Z3: 200808 | AA3: 80838 | AB3: 13830 | AC3: 57060 | AD3: 59290 | AE3: 0
A4: HÓA ĐƠN 2 | B4: 50206 | D4: 38840 | E4: 32120 | F4: 75900 | G4: 36112 | I4: 290452 | J4: 293911 | K4: 30660 | L4: 90796 | N4: 56630 | O4: 72660 | P4: 64692 | Q4: 9128 | R4: 46185 | S4: 37001 | T4: 100560 | U4: 76978 | Y4: 57890 | Z4: 113000 | AA4: 49730 | AB4: 14731 | AC4: 96780
E5: 13830 | F5: 39360 | I5: 36550 | L5: 75500 | N5: 25960 | O5: 30725 | P5: 24080 | U5: 119390 | AB5: 25530
E6: 80450 | F6: 76020
F7: 57300

Sheet 2026_10
A1: =SUM(B2:AF2) -> 3939091 | B1: 45931 | C1: 45932 | D1: 45933 | E1: 45934 | F1: 45935 | G1: 45936 | H1: 45937 | I1: 45938 | J1: 45939 | K1: 45940 | L1: 45941 | M1: 45942 | N1: 45943 | O1: 45944 | P1: 45945 | Q1: 45946 | R1: 45947 | S1: 45948 | T1: 45949 | U1: 45950 | V1: 45951 | W1: 45952 | X1: 45953 | Y1: 45954 | Z1: 45955 | AA1: 45956 | AB1: 45957 | AC1: 45958 | AD1: 45959 | AE1: 45960 | AF1: 45961
A2: TỔNG HĐ | B2: =SUM(B3:B14) -> 307626 | C2: =SUM(C3:C14) -> 180422 | D2: =SUM(D3:D14) -> 98018 | E2: =SUM(E3:E14) -> 59330 | F2: =SUM(F3:F14) -> 37620 | G2: =SUM(G3:G14) -> 178030 | H2: =SUM(H3:H14) -> 319372 | I2: =SUM(I3:I14) -> 0 | ... AF2: =SUM(AF3:AF14) -> 353075
A3: HÓA ĐƠN 1 | B3: 8500 | C3: 50480 | D3: 25930 | E3: 32250 | F3: 37620 | G3: 21800 | H3: 48730 | I3: 0 | J3: 88210 | K3: 22280 | L3: 50730 | M3: 32900 | N3: 55000 | O3: 69418 | P3: 0 | Q3: 7499 | R3: 14840 | S3: 39640 | T3: 102416 | U3: 17170 | V3: 72295 | W3: 242230 | X3: 84600 | Y3: 78420 | Z3: 68455 | AA3: 48730 | AB3: 53110 | AC3: 0 | AD3: 219660 | AE3: 0 | AF3: 107000
A4: HÓA ĐƠN 2 | B4: 5500 | C4: 85572 | D4: 54528 | E4: 27080 | G4: 135800 | H4: 270642 | J4: 28090 | L4: 76374 | M4: 69740 | N4: 32660 | Q4: 244430 | R4: 58900 | S4: 57723 | U4: 159020 | Y4: 54480 | Z4: 60120 | AA4: 27800 | AB4: 14120 | AF4: 51600
B5: 37620 | C5: 44370 | D5: 17560 | G5: 20430 | L5: 35588 | Y5: 37620 | AA5: 41520 | AB5: 39810 | AF5: 66200
B6: 13830 | AF6: 49980
B7: 214194 | AF7: 78295
B8: 9642
B9: 18340

Sheet 2026_11
A1: =SUM(B2:AF2) -> 3937229 | B1: 45962 | C1: 45963 | D1: 45964 | E1: 45965 | F1: 45966 | G1: 45967 | H1: 45968 | I1: 45969 | J1: 45970 | K1: 45971 | L1: 45972 | M1: 45973 | N1: 45974 | O1: 45975 | P1: 45976 | Q1: 45977 | R1: 45978 | S1: 45979 | T1: 45980 | U1: 45981 | V1: 45982 | W1: 45983 | X1: 45984 | Y1: 45985 | Z1: 45986 | AA1: 45987 | AB1: 45988 | AC1: 45989 | AD1: 45990 | AE1: 45991
A2: TỔNG HĐ | B2: =SUM(B3:B14) -> 84559 | C2: =SUM(C3:C14) -> 0 | D2: =SUM(D3:D14) -> 0 | E2: =SUM(E3:E14) -> 51598 | F2: =SUM(F3:F14) -> 206810 | G2: =SUM(G3:G14) -> 132104 | H2: =SUM(H3:H14) -> 142318 | I2: =SUM(I3:I14) -> 212820 | ... AF2: =SUM(AF3:AF14) -> 0
A3: HÓA ĐƠN 1 | B3: 54159 | C3: 0 | D3: 0 | E3: 51598 | F3: 206810 | G3: 71412 | H3: 101278 | I3: 96780 | J3: 44219 | K3: 30440 | L3: 236408 | M3: 64500 | N3: 46260 | O3: 99780 | P3: 50480 | Q3: 38460 | R3: 193032 | S3: 48730 | T3: 34200 | U3: 96780 | V3: 200370 | W3: 143800 | X3: 85560 | Y3: 46220 | Z3: 49230 | AA3: 27051 | AB3: 98864 | AC3: 5071 | AD3: 46200 | AE3: 49980
A4: HÓA ĐƠN 2 | B4: 30400 | G4: 37620 | H4: 41040 | I4: 85560 | J4: 265550 | L4: 47577 | N4: 67010 | O4: 41480 | P4: 79860 | Q4: 60110 | R4: 33810 | S4: 40649 | W4: 66295 | AC4: 4000 | AD4: 18480 | AE4: 57060
G5: 3850 | I5: 30480 | J5: 49730 | N5: 127100 | P5: 33400 | R5: 24970 | AC5: 56294
G6: 5054 | R6: 17770 | AC6: 34200
G7: 14168 | AC7: 246040

Sheet 2026_12
A1: =SUM(B2:AF2) -> 4969997 | B1: 45992 | C1: 45993 | D1: 45994 | E1: 45995 | F1: 45996 | G1: 45997 | H1: 45998 | I1: 45999 | J1: 46000 | K1: 46001 | L1: 46002 | M1: 46003 | N1: 46004 | O1: 46005 | P1: 46006 | Q1: 46007 | R1: 46008 | S1: 46009 | T1: 46010 | U1: 46011 | V1: 46012 | W1: 46013 | X1: 46014 | Y1: 46015 | Z1: 46016 | AA1: 46017 | AB1: 46018 | AC1: 46019 | AD1: 46020 | AE1: 46021 | AF1: 46022
A2: TỔNG HĐ | B2: =SUM(B3:B14) -> 188954 | C2: =SUM(C3:C14) -> 172501 | D2: =SUM(D3:D14) -> 30440 | E2: =SUM(E3:E14) -> 300402 | F2: =SUM(F3:F14) -> 0 | G2: =SUM(G3:G14) -> 302900 | H2: =SUM(H3:H14) -> 275210 | I2: =SUM(I3:I14) -> 110730 | ... AF2: =SUM(AF3:AF14) -> 306564
A3: HÓA ĐƠN 1 | B3: 84910 | C3: 67620 | D3: 30440 | E3: 41206 | F3: 0 | G3: 46530 | H3: 242550 | I3: 18310 | J3: 57497 | K3: 0 | L3: 257160 | M3: 96220 | N3: 13034 | O3: 60383 | P3: 46260 | Q3: 0 | R3: 39605 | S3: 0 | T3: 50480 | U3: 109900 | V3: 49980 | W3: 4247 | X3: 206960 | Y3: 0 | Z3: 13060 | AA3: 319204 | AB3: 38820 | AC3: 50480 | AD3: 26360 | AE3: 43830 | AF3: 36900
A4: HÓA ĐƠN 2 | B4: 34000 | C4: 104881 | E4: 202070 | G4: 37450 | H4: 32660 | I4: 54080 | N4: 51230 | P4: 54140 | R4: 65580 | T4: 275012 | U4: 63898 | V4: 123600 | W4: 214162 | X4: 77310 | Z4: 43460 | AA4: 148189 | AB4: 66160 | AC4: 11852 | AD4: 106870 | AE4: 49480 | AF4: 79932
B5: 48744 | E5: 57126 | G5: 50230 | I5: 38340 | N5: 44983 | U5: 38460 | AA5: 50980 | AB5: 34150 | AC5: 27080 | AD5: 10920 | AE5: 37780 | AF5: 189732
B6: 21300 | G6: 63500 | N6: 76900 | AB6: 92722 | AC6: 26900 | AE6: 6998
G7: 105190

Sheet 2027_01
A1: =SUM(B2:AF2) -> 4185148 | B1: 46023 | C1: 46024 | D1: 46025 | E1: 46026 | F1: 46027 | G1: 46028 | H1: 46029 | I1: 46030 | J1: 46031 | K1: 46032 | L1: 46033 | M1: 46034 | N1: 46035 | O1: 46036 | P1: 46037 | Q1: 46038 | R1: 46039 | S1: 46040 | T1: 46041 | U1: 46042 | V1: 46043 | W1: 46044 | X1: 46045 | Y1: 46046 | Z1: 46047 | AA1: 46048 | AB1: 46049 | AC1: 46050 | AD1: 46051 | AE1: 46052 | AF1: 46053
A2: TỔNG HĐ | B2: =SUM(B3:B14) -> 42000 | C2: =SUM(C3:C14) -> 18586 | D2: =SUM(D3:D14) -> 38340 | E2: =SUM(E3:E14) -> 7445 | F2: =SUM(F3:F14) -> 570514 | G2: =SUM(G3:G14) -> 34747 | H2: =SUM(H3:H14) -> 55130 | I2: =SUM(I3:I14) -> 118246 | ... AF2: =SUM(AF3:AF14) -> 53210
A3: HÓA ĐƠN 1 | B3: 42000 | C3: 1794 | D3: 38340 | E3: 7445 | F3: 270014 | G3: 13830 | H3: 27330 | I3: 47980 | J3: 46240 | K3: 52280 | L3: 55780 | M3: 49770 | N3: 12062 | O3: 153280 | P3: 42720 | Q3: 325552 | R3: 74560 | S3: 73159 | T3: 4000 | U3: 74065 | V3: 38240 | W3: 20560 | X3: 0 | Y3: 16520 | Z3: 22400 | AA3: 103740 | AB3: 103918 | AC3: 49150 | AD3: 15980 | AE3: 35370 | AF3: 34330
A4: HÓA ĐƠN 2 | C4: 16792 | F4: 300500 | G4: 20917 | H4: 27800 | I4: 12930 | J4: 30920 | K4: 107519 | L4: 15951 | M4: 26450 | N4: 57594 | O4: 96060 | P4: 56330 | Q4: 25640 | R4: 56596 | S4: 49480 | W4: 125516 | Y4: 7300 | Z4: 26440 | AA4: 266678 | AB4: 20980 | AC4: 31360 | AD4: 70460 | AE4: 85974 | AF4: 18880
I5: 57336 | K5: 13810 | L5: 5500 | P5: 13830 | Q5: 30400 | R5: 95738 | S5: 42720 | W5: 119960 | Z5: 27330 | AA5: 46020 | AD5: 55610
K6: 76900 | L6: 51230 | R6: 55150 | Z6: 49480 | AD6: 9758
L7: 26900

Sheet 2027_02
A1: =SUM(B2:AF2) -> 4409564 | B1: 46054 | C1: 46055 | D1: 46056 | E1: 46057 | F1: 46058 | G1: 46059 | H1: 46060 | I1: 46061 | J1: 46062 | K1: 46063 | L1: 46064 | M1: 46065 | N1: 46066 | O1: 46067 | P1: 46068 | Q1: 46069 | R1: 46070 | S1: 46071 | T1: 46072 | U1: 46073 | V1: 46074 | W1: 46075 | X1: 46076 | Y1: 46077 | Z1: 46078 | AA1: 46079 | AB1: 46080 | AC1: 46081
A2: TỔNG HĐ | B2: =SUM(B3:B14) -> 226462 | C2: =SUM(C3:C14) -> 110386 | D2: =SUM(D3:D14) -> 104872 | E2: =SUM(E3:E14) -> 81438 | F2: =SUM(F3:F14) -> 267894 | G2: =SUM(G3:G14) -> 83930 | H2: =SUM(H3:H14) -> 215445 | I2: =SUM(I3:I14) -> 0 | ... AF2: =SUM(AF3:AF14) -> 0
A3: HÓA ĐƠN 1 | B3: 141572 | C3: 6796 | D3: 70062 | E3: 50998 | F3: 5500 | G3: 34200 | H3: 100795 | I3: 0 | J3: 36015 | K3: 6405 | L3: 44400 | M3: 302050 | N3: 30450 | O3: 96900 | P3: 86912 | Q3: 33800 | R3: 14845 | S3: 0 | T3: 427870 | U3: 102320 | V3: 85650 | W3: 0 | X3: 51120 | Y3: 11239 | Z3: 68757 | AA3: 5000 | AB3: 56900 | AC3: 49980
A4: HÓA ĐƠN 2 | B4: 49230 | C4: 61760 | D4: 34810 | E4: 30440 | F4: 24330 | G4: 49730 | H4: 72650 | J4: 30662 | K4: 34540 | L4: 288081 | M4: 39460 | N4: 34200 | O4: 46924 | P4: 120060 | Q4: 44998 | R4: 12330 | U4: 66055 | V4: 17440 | Y4: 100643 | Z4: 69440 | AA4: 23240 | AB4: 22900 | AC4: 41610
B5: 35660 | C5: 41830 | F5: 238064 | H5: 42000 | K5: 16520 | M5: 76464 | O5: 39090 | P5: 77528 | Q5: 7947 | U5: 104640 | Y5: 27530 | AA5: 55480 | AB5: 122004 | AC5: 9628
M6: 48730 | Q6: 16220 | U6: 49980 | AB6: 70640
AB7: 93540

Sheet 2027_03
A1: =SUM(B2:AF2) -> 4668273 | B1: 46082 | C1: 46083 | D1: 46084 | E1: 46085 | F1: 46086 | G1: 46087 | H1: 46088 | I1: 46089 | J1: 46090 | K1: 46091 | L1: 46092 | M1: 46093 | N1: 46094 | O1: 46095 | P1: 46096 | Q1: 46097 | R1: 46098 | S1: 46099 | T1: 46100 | U1: 46101 | V1: 46102 | W1: 46103 | X1: 46104 | Y1: 46105 | Z1: 46106 | AA1: 46107 | AB1: 46108 | AC1: 46109 | AD1: 46110 | AE1: 46111 | AF1: 46112
A2: TỔNG HĐ | B2: =SUM(B3:B14) -> 67620 | C2: =SUM(C3:C14) -> 245894 | D2: =SUM(D3:D14) -> 181328 | E2: =SUM(E3:E14) -> 561057 | F2: =SUM(F3:F14) -> 169150 | G2: =SUM(G3:G14) -> 54730 | H2: =SUM(H3:H14) -> 82650 | I2: =SUM(I3:I14) -> 126180 | ... AF2: =SUM(AF3:AF14) -> 351468
A3: HÓA ĐƠN 1 | B3: 67620 | C3: 95754 | D3: 108538 | E3: 65460 | F3: 68150 | G3: 5000 | H3: 660 | I3: 126180 | J3: 39300 | K3: 11437 | L3: 45012 | M3: 5000 | N3: 64150 | O3: 76299 | P3: 86480 | Q3: 364216 | R3: 99140 | S3: 45012 | T3: 117250 | U3: 36440 | V3: 67260 | W3: 143056 | X3: 17170 | Y3: 43680 | Z3: 5500 | AA3: 55830 | AB3: 124020 | AC3: 82360 | AE3: 32200 | AF3: 351468
A4: HÓA ĐƠN 2 | C4: 150140 | D4: 12330 | E4: 34200 | F4: 66800 | G4: 49730 | H4: 7730 | J4: 223550 | K4: 12330 | L4: 49230 | M4: 163290 | N4: 55000 | O4: 30662 | P4: 142640 | R4: 22790 | S4: 125620 | AA4: 96780 | AB4: 81588 | AE4: 47970
D5: 60460 | E5: 143213 | F5: 34200 | H5: 49100 | J5: 72190 | K5: 62690 | L5: 22440
E6: 318184 | H6: 25160 | L6: 58614
